{
 "absorption_factor": 1.0377697757878224,
 "n_situations": 76,
 "proportional_corr": 0.05067668338172688
}