{
 "absorption_factor": 1.0373927241749228,
 "n_situations": 73,
 "proportional_corr": 0.0756644895963723
}