{
 "absorption_factor": 1.0414302792405472,
 "n_situations": 56,
 "proportional_corr": 0.05454086415390093
}