{
 "absorption_factor": 1.0280718143318903,
 "n_situations": 73,
 "proportional_corr": 0.06596597718985348
}