{
 "absorption_factor": 1.0371965659672244,
 "n_situations": 55,
 "proportional_corr": 0.059646445632657655
}