{
 "absorption_factor": 1.0310218741128196,
 "n_situations": 72,
 "proportional_corr": 0.07380679665267245
}