{
 "absorption_factor": 1.0342870521351912,
 "n_situations": 74,
 "proportional_corr": 0.07683396076475651
}