{
 "absorption_factor": 1.0304387934440584,
 "n_situations": 73,
 "proportional_corr": 0.0677502038548384
}