{
 "absorption_factor": 1.0373927241749228,
 "n_situations": 75,
 "proportional_corr": 0.06415304349409322
}