{
 "absorption_factor": 1.041022825319633,
 "n_situations": 57,
 "proportional_corr": 0.07761813084112952
}