{
 "absorption_factor": 1.0409338577003258,
 "n_situations": 56,
 "proportional_corr": 0.05506274177613423
}