{
 "absorption_factor": 1.0248451034522175,
 "n_situations": 73,
 "proportional_corr": 0.05228918503791881
}