{
 "absorption_factor": 1.0404052881053987,
 "n_situations": 57,
 "proportional_corr": 0.05299812264223315
}