{
 "absorption_factor": 1.0402312669781404,
 "n_situations": 58,
 "proportional_corr": 0.059110651974874216
}