{
 "absorption_factor": 1.040714056712516,
 "n_situations": 56,
 "proportional_corr": 0.05937257483112304
}