{
 "absorption_factor": 1.0405400355852576,
 "n_situations": 56,
 "proportional_corr": 0.05869727053375839
}