{
 "absorption_factor": 1.0327545248030143,
 "n_situations": 52,
 "proportional_corr": 0.06925497881955066
}