{
 "absorption_factor": 1.0375008160586063,
 "n_situations": 55,
 "proportional_corr": 0.05928041249155525
}