{
 "absorption_factor": 1.041591029871407,
 "n_situations": 74,
 "proportional_corr": 0.09327652775173265
}